{
	"navigation": [{
		"title": "Home",
		"icon": "sap-icon://home",
		"expanded": true,
		"key": "home",
		"items": []
	}, {
		"title": "Order",
		"icon": "sap-icon://customer-order-entry",
		"expanded": false,
		"key": "productlist",
		"items": []
	}, {
		"title": "Funding",
		"icon": "sap-icon://family-care",
		"expanded": true,
		"key": "funding",
		"items": []
	}, {
		"title": "Community",
		"icon": "sap-icon://globe",
		"expanded": true,
		"key": "community",
		"items": []
	}, {
		"title": "My Page",
		"icon": "sap-icon://visits",
		"expanded": true,
		"key": "mypage",
		"items": []
	}],
	"fixedNavigation": [{
		"title": "Thanks to",
		"icon": "sap-icon://number-sign",
		"key": "thanksto"
	}],
	"masterSettings": [{
		"title": "System Settings",
		"key": "systemSettings",
		"selected": true
	}, {
		"title": "Order Settings",
		"key": "orderSettings",
		"selected": false
	}, {
		"title": "Supplier Settings",
		"key": "supplierSettings",
		"selected": false
	}, {
		"title": "Campaign Settings",
		"key": "campaignSettings",
		"selected": false
	}, {
		"title": "Shipping Settings",
		"key": "shipping Settings",
		"selected": false
	}]
}